--Types
INSERT INTO Types (Type, Kind) VALUES ('BUILDING_ITSUKUSHIMA', 'KIND_BUILDING');

--Buildings
INSERT INTO Buildings (BuildingType, Name, Description, PrereqTech, Cost, AdvisorType, MaxWorldInstances, IsWonder, RequiresPlacement, AllowsHolyCity, MustNotBeLake, MustBeAdjacentLand, ObsoleteEra, Quote, QuoteAudio)
VALUES ('BUILDING_ITSUKUSHIMA', 'LOC_BUILDING_ITSUKUSHIMA_NAME', 'LOC_BUILDING_ITSUKUSHIMA_DESCRIPTION', 'TECH_SAILING', 700, 'ADVISOR_RELIGIOUS', 1, 1, 1, 1, 1, 1, 'ERA_RENAISSANCE', 'LOC_BUILDING_ITSUKUSHIMA_QUOTE', 'Play_Wonder_Music_Itsukushima');

--Building_ValidTerrains
INSERT INTO Building_ValidTerrains (BuildingType, TerrainType) VALUES ('BUILDING_ITSUKUSHIMA', 'TERRAIN_COAST');

--Building_YieldChanges
INSERT INTO Building_YieldChanges (BuildingType, YieldType, YieldChange) VALUES ('BUILDING_ITSUKUSHIMA', 'YIELD_FAITH', 1);
INSERT INTO Building_YieldChanges (BuildingType, YieldType, YieldChange) VALUES ('BUILDING_ITSUKUSHIMA', 'YIELD_CULTURE', 1);

--Modifiers
INSERT INTO Modifiers (ModifierId, ModifierType) VALUES ('ITSUKUSHIMA_ADDAPPEAL', 'MODIFIER_PLAYER_CITIES_ADJUST_CITY_APPEAL');

INSERT INTO Modifiers (ModifierId, ModifierType) VALUES ('ITSUKUSHIMA_GRANT_MONUMENT', 'MODIFIER_SINGLE_CITY_GRANT_BUILDING_IN_CITY_IGNORE');

INSERT INTO Modifiers (ModifierId, ModifierType) VALUES ('ITSUKUSHIMA_FISHINGBOATS_FAITH', 'MODIFIER_ALL_CITIES_ATTACH_MODIFIER');
INSERT INTO Modifiers (ModifierId, ModifierType, SubjectRequirementSetId) VALUES ('ITSUKUSHIMA_FISHINGBOATS_FAITH_MODIFIER', 'MODIFIER_CITY_PLOT_YIELDS_ADJUST_PLOT_YIELD', 'PLOT_HAS_FISHINGBOATS_REQUIREMENTS');
INSERT INTO Modifiers (ModifierId, ModifierType) VALUES ('ITSUKUSHIMA_FISHINGBOATS_CULTURE', 'MODIFIER_ALL_CITIES_ATTACH_MODIFIER');
INSERT INTO Modifiers (ModifierId, ModifierType, SubjectRequirementSetId) VALUES ('ITSUKUSHIMA_FISHINGBOATS_CULTURE_MODIFIER', 'MODIFIER_CITY_PLOT_YIELDS_ADJUST_PLOT_YIELD', 'PLOT_HAS_FISHINGBOATS_REQUIREMENTS');

--ModifierArguments
INSERT INTO ModifierArguments (ModifierId, Name, Value) VALUES ('ITSUKUSHIMA_ADDAPPEAL', 'Amount', 2);

INSERT INTO ModifierArguments (ModifierId, Name, Value) VALUES ('ITSUKUSHIMA_GRANT_MONUMENT', 'BuildingType', 'BUILDING_MONUMENT');

INSERT INTO ModifierArguments (ModifierId, Name, Value) VALUES ('ITSUKUSHIMA_FISHINGBOATS_FAITH', 'ModifierId', 'ITSUKUSHIMA_FISHINGBOATS_FAITH_MODIFIER');
INSERT INTO ModifierArguments (ModifierId, Name, Value) VALUES ('ITSUKUSHIMA_FISHINGBOATS_FAITH_MODIFIER', 'YieldType', 'YIELD_FAITH');
INSERT INTO ModifierArguments (ModifierId, Name, Value) VALUES ('ITSUKUSHIMA_FISHINGBOATS_FAITH_MODIFIER', 'Amount', 2);

INSERT INTO ModifierArguments (ModifierId, Name, Value) VALUES ('ITSUKUSHIMA_FISHINGBOATS_CULTURE', 'ModifierId', 'ITSUKUSHIMA_FISHINGBOATS_CULTURE_MODIFIER');
INSERT INTO ModifierArguments (ModifierId, Name, Value) VALUES ('ITSUKUSHIMA_FISHINGBOATS_CULTURE_MODIFIER', 'YieldType', 'YIELD_CULTURE');
INSERT INTO ModifierArguments (ModifierId, Name, Value) VALUES ('ITSUKUSHIMA_FISHINGBOATS_CULTURE_MODIFIER', 'Amount', 2);

--BuildingModifiers
INSERT INTO BuildingModifiers (BuildingType, ModifierId) VALUES ('BUILDING_ITSUKUSHIMA', 'ITSUKUSHIMA_ADDAPPEAL');
INSERT INTO BuildingModifiers (BuildingType, ModifierId) VALUES ('BUILDING_ITSUKUSHIMA', 'ITSUKUSHIMA_GRANT_MONUMENT');
INSERT INTO BuildingModifiers (BuildingType, ModifierId) VALUES ('BUILDING_ITSUKUSHIMA', 'ITSUKUSHIMA_FISHINGBOATS_FAITH');
INSERT INTO BuildingModifiers (BuildingType, ModifierId) VALUES ('BUILDING_ITSUKUSHIMA', 'ITSUKUSHIMA_FISHINGBOATS_FAITH_MODIFIER');
INSERT INTO BuildingModifiers (BuildingType, ModifierId) VALUES ('BUILDING_ITSUKUSHIMA', 'ITSUKUSHIMA_FISHINGBOATS_CULTURE');
INSERT INTO BuildingModifiers (BuildingType, ModifierId) VALUES ('BUILDING_ITSUKUSHIMA', 'ITSUKUSHIMA_FISHINGBOATS_CULTURE_MODIFIER');